battery_id,initial_capacity_ah,fade_rate_ah_per_cycle,fade_fit_r2,n_cycles_measured,cycles_to_eol,reached_eol_in_data,avg_stress,avg_temp,fast_charge_duration,deep_discharge_duration,high_temp_duration_x,aggressive_discharge_count,avg_soc,risk_score,risk_level,risk_reason,recommended_action,high_temp_duration_y,aging_budget,health_index,remaining_health,consumed_life,battery_state,equivalent_aging_factor,estimated_total_cycles,rul_cycles,replacement_policy
B0005,1.8460546215871638,0.0038666144884018662,0.9756281929050115,168,102.0,True,4.509293215183624,26.36972590506182,0,73763,1206,45284,57.73716862398695,52.0,MEDIUM,"deep discharge, aggressive discharge",Avoid deep discharge and prolonged high SOC exposure.,1206,48.0,52.0,48.0,52.0,WARNING,0.46665890321531056,2142.892791951325,1029,NORMAL
B0006,2.024601402794158,0.005086615069899097,0.963696955769038,168,61.0,True,4.59225838739511,26.429182847810353,0,74583,1588,44512,55.7115005234565,52.0,MEDIUM,"deep discharge, aggressive discharge",Avoid deep discharge and prolonged high SOC exposure.,1588,48.0,52.0,48.0,52.0,WARNING,0.4683658977351321,2135.0828590118977,1025,NORMAL
B0007,1.8841173315929292,0.003269481077145986,0.9763119207084012,168,125.0,True,2.523649385496396,26.119388191778555,0,72478,1436,195,60.57234343502469,45.0,MEDIUM,"deep discharge, aggressive discharge",Avoid deep discharge and prolonged high SOC exposure.,1436,55.0,45.0,55.0,45.0,WARNING,0.43519809623327044,2297.8041693086593,1264,NORMAL
B0018,1.8459339649785411,0.003926143770029231,0.9400699809404715,132,77.0,True,5.4676079523064995,25.9131992338774,0,38021,0,32084,60.45642167340569,52.0,MEDIUM,"deep discharge, aggressive discharge",Avoid deep discharge and prolonged high SOC exposure.,0,48.0,52.0,48.0,52.0,WARNING,0.4029301138973474,2481.8199620958717,1191,NORMAL
B0025,1.8475625915319098,0.00254168866039867,0.8798135774952295,28,,False,7.051451569316296,28.489918549851822,0,18368,439,4348,62.07386669858077,52.0,MEDIUM,"deep discharge, aggressive discharge",Avoid deep discharge and prolonged high SOC exposure.,439,48.0,52.0,48.0,52.0,WARNING,0.3820270924054275,2617.615399220814,1256,NORMAL
B0026,1.813920618883673,-0.0003811443017099886,0.001464292722067394,28,6.0,True,6.682671891286724,28.41704398240538,0,18502,209,4244,61.5546780956531,52.0,MEDIUM,"deep discharge, aggressive discharge",Avoid deep discharge and prolonged high SOC exposure.,209,48.0,52.0,48.0,52.0,WARNING,0.3818930867804081,2618.5339159465034,1257,NORMAL
B0027,1.8168019728816065,0.0010989556462126346,0.4894601530463927,28,,False,6.863152916650581,28.745773164025834,0,18458,2135,4379,60.88096627895229,52.0,MEDIUM,"deep discharge, aggressive discharge",Avoid deep discharge and prolonged high SOC exposure.,2135,48.0,52.0,48.0,52.0,WARNING,0.38346108972330617,2607.8265221683105,1252,NORMAL
B0028,1.8023622538950397,0.002648102785836822,0.8874908682811519,28,,False,2.2840018530672124,28.112165572044415,0,12474,0,774,62.59679989406581,52.0,MEDIUM,"deep discharge, aggressive discharge",Avoid deep discharge and prolonged high SOC exposure.,0,48.0,52.0,48.0,52.0,WARNING,0.370005608495623,2702.6617354959085,1297,NORMAL
B0029,1.7892154022130766,0.0050953268936741545,0.8648234288018537,40,,False,30.31480046493607,45.891492709962264,0,12703,108402,6219,65.59271128617068,72.0,HIGH,"high temperature, deep discharge, aggressive discharge",Reduce fast charging frequency and follow 20-80 charging rule.,108402,28.0,72.0,28.0,72.0,DEGRADED,0.5392959314359342,1854.2695053111024,519,MONITOR
B0030,1.73319823746379,0.0048874061845471045,0.8790441257650208,40,,False,29.001817309643734,46.04820503747353,0,12859,108402,5978,63.96838372899717,72.0,HIGH,"high temperature, deep discharge, aggressive discharge",Reduce fast charging frequency and follow 20-80 charging rule.,108402,28.0,72.0,28.0,72.0,DEGRADED,0.5403476817683056,1850.6602947336926,518,MONITOR
B0031,1.7711723525004694,0.00316849334511359,0.6754362999952911,40,,False,30.089481743879265,45.786546206862155,0,12758,108402,6285,65.41443810384935,72.0,HIGH,"high temperature, deep discharge, aggressive discharge",Reduce fast charging frequency and follow 20-80 charging rule.,108402,28.0,72.0,28.0,72.0,DEGRADED,0.538865752626939,1855.7497764982438,520,MONITOR
B0032,1.8245549030771269,0.005336497197504329,0.8269283271707437,40,,False,29.60655707459272,45.80350457119291,0,12716,108402,6243,64.43454573438437,72.0,HIGH,"high temperature, deep discharge, aggressive discharge",Reduce fast charging frequency and follow 20-80 charging rule.,108402,28.0,72.0,28.0,72.0,DEGRADED,0.5388783397999888,1855.7064297131744,520,MONITOR
B0033,0.6396934808078082,0.0017868467531202707,0.1288844223402725,197,1.0,True,5.483202134032844,27.24461804130097,0,72389,18341,21143,55.66694130478894,52.0,MEDIUM,"deep discharge, aggressive discharge",Avoid deep discharge and prolonged high SOC exposure.,18341,48.0,52.0,48.0,52.0,WARNING,0.468671240392174,2133.6918372956306,1024,NORMAL
B0034,1.3511131269145613,0.0010600239917543744,0.34182738557109005,197,1.0,True,5.278452333112271,27.408197537854026,0,65463,20245,20982,55.612710524199976,52.0,MEDIUM,"deep discharge, aggressive discharge",Avoid deep discharge and prolonged high SOC exposure.,20245,48.0,52.0,48.0,52.0,WARNING,0.4575822474884725,2185.399467502708,1049,NORMAL
B0036,1.535835443468762,0.0009280849059928786,0.2967425405568459,197,1.0,True,2.051282367356398,26.335826477273482,0,43809,0,3647,64.02837486250505,52.0,MEDIUM,"deep discharge, aggressive discharge",Avoid deep discharge and prolonged high SOC exposure.,0,48.0,52.0,48.0,52.0,WARNING,0.4149937383552851,2409.674912116092,1157,NORMAL
B0038,1.029753730702141,-0.016132328975918032,0.4702688331270088,47,,False,20.34554970021631,40.32367080466399,0,17041,96076,3238,58.167078625780164,72.0,HIGH,"high temperature, deep discharge, aggressive discharge",Reduce fast charging frequency and follow 20-80 charging rule.,96076,28.0,72.0,28.0,72.0,DEGRADED,0.5189145306152605,1927.099630095792,540,MONITOR
B0039,0.2516108023260631,-0.029053209404479828,0.46015699657353987,47,1.0,True,19.953181481642787,39.779902477006914,0,21121,95471,875,49.697603690072164,62.0,HIGH,"high temperature, deep discharge, aggressive discharge",Reduce fast charging frequency and follow 20-80 charging rule.,95471,38.0,62.0,38.0,62.0,DEGRADED,0.4832098548413679,2069.494216603443,786,NORMAL
B0040,0.7504504759152574,-0.016274431827401445,0.2292072634453859,47,46.0,True,19.668241801315272,39.666570096343875,0,18594,95303,971,51.508511872015255,62.0,HIGH,"high temperature, deep discharge, aggressive discharge",Reduce fast charging frequency and follow 20-80 charging rule.,95303,38.0,62.0,38.0,62.0,DEGRADED,0.47829887991370945,2090.742926641207,794,NORMAL
B0041,0.0557189108907749,-0.01825805142832057,0.6387429176593461,67,6.0,True,10.502639313339865,6.295910922400035,0,94802,0,219,16.502992106233663,55.0,MEDIUM,"deep discharge, aggressive discharge, low SOC exposure",Avoid deep discharge and prolonged high SOC exposure.,0,45.0,55.0,45.0,55.0,WARNING,0.41445919977772705,2412.782731174254,1086,NORMAL
B0042,1.7294727759584863,0.007133133391351461,0.09645023013331294,111,42.0,True,3.7517233872723317,15.649949337597546,0,37330,44,14989,53.07353763830904,52.0,MEDIUM,"deep discharge, aggressive discharge",Avoid deep discharge and prolonged high SOC exposure.,44,48.0,52.0,48.0,52.0,WARNING,0.35042592603058165,2853.6701360182183,1370,NORMAL
B0043,1.6969471483989302,0.0065131505552640185,0.0843460949098969,111,42.0,True,6.412941731369276,14.958813213365806,0,115731,0,287,39.84542353592024,45.0,MEDIUM,"deep discharge, aggressive discharge",Avoid deep discharge and prolonged high SOC exposure.,0,55.0,45.0,55.0,45.0,WARNING,0.45375397529527084,2203.837441532652,1212,NORMAL
B0044,1.6674624279620147,0.006424668462913053,0.08716262709357042,111,42.0,True,6.438719976779624,15.050942321555121,0,116336,0,245,38.061283177389925,45.0,MEDIUM,"deep discharge, aggressive discharge",Avoid deep discharge and prolonged high SOC exposure.,0,55.0,45.0,55.0,45.0,WARNING,0.45525471160777564,2196.57254390274,1208,NORMAL
B0045,0.9650418004126003,0.0035558429180315852,0.7740116714088228,70,13.0,True,3.7697595054891986,6.860864851595626,0,30320,0,0,30.438067190635316,39.0,LOW,deep discharge,Battery behavior is healthy.,0,61.0,39.0,61.0,39.0,WARNING,0.24242920391689715,4124.915578829324,2516,NORMAL
B0046,1.5825030899520387,0.005429969022534584,0.8163122550835533,69,31.0,True,2.115635362673449,7.184632749421086,0,15959,0,0,49.10303401727492,39.0,LOW,deep discharge,Battery behavior is healthy.,0,61.0,39.0,61.0,39.0,WARNING,0.21935921105834186,4558.732661260507,2781,NORMAL
B0047,1.5689157507349218,0.005019738396645037,0.7355594565597585,69,26.0,True,2.1854174044621875,6.688378560958865,0,16551,0,0,47.41668221940445,39.0,LOW,deep discharge,Battery behavior is healthy.,0,61.0,39.0,61.0,39.0,WARNING,0.21789568182968777,4589.352077117447,2800,NORMAL
B0048,1.5548704204461472,0.003922260633658592,0.6774610757079547,69,32.0,True,2.1178085058433407,6.5882875745678025,0,15945,0,0,47.83816917469783,39.0,LOW,deep discharge,Battery behavior is healthy.,0,61.0,39.0,61.0,39.0,WARNING,0.2163534169678741,4622.067051284372,2819,NORMAL
B0049,1.217376856615905,0.031037769216703155,0.3973400155645866,24,1.0,True,4.421573180374782,6.988106856626338,0,13230,0,4979,41.76815695442335,52.0,MEDIUM,"deep discharge, aggressive discharge",Avoid deep discharge and prolonged high SOC exposure.,0,48.0,52.0,48.0,52.0,WARNING,0.2656849985934054,3763.8557136993777,1807,NORMAL
B0050,1.37119031531671,0.062267884944179376,0.30240943799242326,20,1.0,True,8.83887891757559,6.80956526298184,0,38002,0,3976,33.127950227305114,52.0,MEDIUM,"deep discharge, aggressive discharge",Avoid deep discharge and prolonged high SOC exposure.,0,48.0,52.0,48.0,52.0,WARNING,0.3073792800351678,3253.3097217404775,1562,NORMAL
B0051,1.0551826826444242,0.025000659120044174,0.2912025676037098,24,1.0,True,2.5688125211803245,6.616214029773447,0,13355,0,0,37.68500648247942,39.0,LOW,deep discharge,Battery behavior is healthy.,0,61.0,39.0,61.0,39.0,WARNING,0.212040429246653,4716.081756450154,2877,NORMAL
B0053,1.124455707815117,0.0014144983870165813,0.30711390400593264,55,,False,4.6266052079619975,7.318231537686217,0,14621,0,10978,49.854163128408764,52.0,MEDIUM,"deep discharge, aggressive discharge",Avoid deep discharge and prolonged high SOC exposure.,0,48.0,52.0,48.0,52.0,WARNING,0.2697269711941387,3707.4527459111237,1780,NORMAL
B0054,1.0039104244704655,0.0020143517753248895,0.673287201171185,102,1.0,True,4.358088303353799,7.2403126196387335,0,33836,0,20184,46.461164871585794,52.0,MEDIUM,"deep discharge, aggressive discharge",Avoid deep discharge and prolonged high SOC exposure.,0,48.0,52.0,48.0,52.0,WARNING,0.3023710033402512,3307.1954286394416,1587,NORMAL
B0055,1.131958409759927,0.0016284992981380447,0.47129725943514633,102,1.0,True,1.9409364603027326,6.676331244933003,0,32052,0,1,45.31286752069492,39.0,LOW,deep discharge,Battery behavior is healthy.,0,61.0,39.0,61.0,39.0,WARNING,0.24448411805935077,4090.2452393952262,2495,NORMAL
B0056,1.1490454623050026,0.0009988218964676154,0.19890605205551457,102,1.0,True,1.8531797023918133,6.562504696962229,0,30433,0,0,46.254226572790316,39.0,LOW,deep discharge,Battery behavior is healthy.,0,61.0,39.0,61.0,39.0,WARNING,0.24113166803164104,4147.111858691165,2530,NORMAL
