fold,cell_id,f,arm,true_rul,pred,lower,upper
Expt4,E4_B,0.1,population,392.4,51.82854,0.0,1045.99475
Expt4,E4_B,0.1,cell_only,392.4,153.02036,78.06541,405.81262
Expt4,E4_B,0.1,hybrid,392.4,135.03095,74.73488,305.2013
Expt4,E4_B,0.1,shipped,392.4,,,
Expt4,E4_B,0.25,population,327.0,0.0,0.0,980.59475
Expt4,E4_B,0.25,cell_only,327.0,3110.9081,1627.4674,7386.87463
Expt4,E4_B,0.25,hybrid,327.0,2294.85923,1300.89173,4555.52729
Expt4,E4_B,0.25,shipped,327.0,,,
Expt4,E4_B,0.5,population,218.0,0.0,0.0,871.59475
Expt4,E4_B,0.5,cell_only,218.0,16464.37578,8694.70529,31007.27364
Expt4,E4_B,0.5,hybrid,218.0,11241.5856,6358.38988,21806.78564
Expt4,E4_B,0.5,shipped,218.0,,,
Expt4,E4_B,0.75,population,109.0,0.0,0.0,762.59475
Expt4,E4_B,0.75,cell_only,109.0,9083.75157,3404.65867,28228.59302
Expt4,E4_B,0.75,hybrid,109.0,4514.73526,2197.16702,11212.26923
Expt4,E4_B,0.75,shipped,109.0,,,
Expt4,E4_D,0.1,population,456.3,44.72854,0.0,1038.89475
Expt4,E4_D,0.1,cell_only,456.3,240.49207,91.39319,1236.51094
Expt4,E4_D,0.1,hybrid,456.3,163.97293,75.58267,492.59531
Expt4,E4_D,0.1,shipped,456.3,,,
Expt4,E4_D,0.25,population,380.25,0.0,0.0,962.84475
Expt4,E4_D,0.25,cell_only,380.25,71.02066,50.64131,99.6058
Expt4,E4_D,0.25,hybrid,380.25,69.1068,49.53872,97.25801
Expt4,E4_D,0.25,shipped,380.25,47.11405,,
Expt4,E4_D,0.5,population,253.5,0.0,0.0,836.09475
Expt4,E4_D,0.5,cell_only,253.5,81.45061,32.64054,170.7119
Expt4,E4_D,0.5,hybrid,253.5,75.40457,28.34052,156.24217
Expt4,E4_D,0.5,shipped,253.5,35.99909,,
Expt4,E4_D,0.75,population,126.75,0.0,0.0,709.34475
Expt4,E4_D,0.75,cell_only,126.75,113.74469,51.5409,203.09266
Expt4,E4_D,0.75,hybrid,126.75,107.47543,47.73332,193.44516
Expt4,E4_D,0.75,shipped,126.75,24.29521,,
Expt4,E4_E,0.1,population,487.8,41.22854,0.0,1035.39475
Expt4,E4_E,0.1,cell_only,487.8,274.73432,85.34095,2428.51525
Expt4,E4_E,0.1,hybrid,487.8,168.48147,68.75214,549.79964
Expt4,E4_E,0.1,shipped,487.8,,,
Expt4,E4_E,0.25,population,406.5,0.0,0.0,954.09475
Expt4,E4_E,0.25,cell_only,406.5,44.57224,8.35053,203.59312
Expt4,E4_E,0.25,hybrid,406.5,40.78872,11.43339,138.27428
Expt4,E4_E,0.25,shipped,406.5,58.44583,,
Expt4,E4_E,0.5,population,271.0,0.0,0.0,818.59475
Expt4,E4_E,0.5,cell_only,271.0,59.30774,6.51031,168.23069
Expt4,E4_E,0.5,hybrid,271.0,49.9707,2.59367,142.8184
Expt4,E4_E,0.5,shipped,271.0,36.68719,,
Expt4,E4_E,0.75,population,135.5,0.0,0.0,683.09475
Expt4,E4_E,0.75,cell_only,135.5,76.30271,9.05214,183.19656
Expt4,E4_E,0.75,hybrid,135.5,68.51907,5.41114,167.95287
Expt4,E4_E,0.75,shipped,135.5,19.82472,,
Expt4,E4_F,0.1,population,336.6,58.02854,0.0,1052.19475
Expt4,E4_F,0.1,cell_only,336.6,89.0198,37.44666,346.20297
Expt4,E4_F,0.1,hybrid,336.6,79.76925,38.84849,212.3779
Expt4,E4_F,0.1,shipped,336.6,,,
Expt4,E4_F,0.25,population,280.5,1.92854,0.0,996.09475
Expt4,E4_F,0.25,cell_only,280.5,6744.38053,243.8316,110149.40437
Expt4,E4_F,0.25,hybrid,280.5,406.94131,71.31261,2827.00966
Expt4,E4_F,0.25,shipped,280.5,90.85022,,
Expt4,E4_F,0.5,population,187.0,0.0,0.0,902.59475
Expt4,E4_F,0.5,cell_only,187.0,20.91058,0.0,213.75814
Expt4,E4_F,0.5,hybrid,187.0,18.38773,0.0,125.19634
Expt4,E4_F,0.5,shipped,187.0,24.42506,,
Expt4,E4_F,0.75,population,93.5,0.0,0.0,809.09475
Expt4,E4_F,0.75,cell_only,93.5,0.0,0.0,75.8303
Expt4,E4_F,0.75,hybrid,93.5,0.0,0.0,56.09001
Expt4,E4_F,0.75,shipped,93.5,0.0,,
Expt4,E4_G,0.1,population,299.7,62.12854,0.0,1056.29475
Expt4,E4_G,0.1,cell_only,299.7,127.71268,39.31947,1145.33009
Expt4,E4_G,0.1,hybrid,299.7,85.34767,33.85202,328.03637
Expt4,E4_G,0.1,shipped,299.7,,,
Expt4,E4_G,0.25,population,249.75,12.17854,0.0,1006.34475
Expt4,E4_G,0.25,cell_only,249.75,2520.23991,60.0024,86132.49516
Expt4,E4_G,0.25,hybrid,249.75,171.52234,28.55582,1516.57089
Expt4,E4_G,0.25,shipped,249.75,68.45207,,
Expt4,E4_G,0.5,population,166.5,0.0,0.0,923.09475
Expt4,E4_G,0.5,cell_only,166.5,0.0,0.0,48.63694
Expt4,E4_G,0.5,hybrid,166.5,0.0,0.0,37.80623
Expt4,E4_G,0.5,shipped,166.5,21.64666,,
Expt4,E4_G,0.75,population,83.25,0.0,0.0,839.84475
Expt4,E4_G,0.75,cell_only,83.25,0.0,0.0,44.06239
Expt4,E4_G,0.75,hybrid,83.25,0.0,0.0,33.76949
Expt4,E4_G,0.75,shipped,83.25,0.0,,
Expt4,E4_H,0.1,population,330.3,58.72854,0.0,1052.89475
Expt4,E4_H,0.1,cell_only,330.3,2508.86548,64.37452,85641.87715
Expt4,E4_H,0.1,hybrid,330.3,166.32935,31.00826,1449.137
Expt4,E4_H,0.1,shipped,330.3,,,
Expt4,E4_H,0.25,population,275.25,3.67854,0.0,997.84475
Expt4,E4_H,0.25,cell_only,275.25,4094.69874,121.64604,96631.40439
Expt4,E4_H,0.25,hybrid,275.25,269.22885,52.30297,2035.83242
Expt4,E4_H,0.25,shipped,275.25,75.87878,,
Expt4,E4_H,0.5,population,183.5,0.0,0.0,906.09475
Expt4,E4_H,0.5,cell_only,183.5,11.08286,0.0,75.2489
Expt4,E4_H,0.5,hybrid,183.5,9.21554,0.0,60.89703
Expt4,E4_H,0.5,shipped,183.5,22.99341,,
Expt4,E4_H,0.75,population,91.75,0.0,0.0,814.34475
Expt4,E4_H,0.75,cell_only,91.75,0.0,0.0,44.76187
Expt4,E4_H,0.75,hybrid,91.75,0.0,0.0,37.77156
Expt4,E4_H,0.75,shipped,91.75,0.0,,
