method,cohort,k,n_cells,n_held_rows,raw,affine,offset_only,local_fit,pooled,cell_mean,shuffled
age_linear,CS2_Type1,1,2,0,0.7210690221921956,0.8889958972641756,0.7202961826257847,0.888995897264175,0.7268007230274172,0.12918016198361,-13.58773615197951
age_linear,CS2_Type2,1,4,0,0.6588493672384973,0.8226316543326158,0.7350555286881529,0.8226316543326175,0.6720054512290059,-0.01026070185411294,-105.41301803032391
age_linear,CS2_Type2,2,4,0,0.6660656788861906,0.8349441636160501,0.73849288446678,0.8349441636160495,0.6903812718750739,-0.006253029732911264,0.6549528887564477
age_linear,CS2_Type3,1,2,0,0.1714363688632463,0.6674541287628311,0.45115840695222387,0.6674541287628287,0.1930550636948317,0.015273004392303035,-31.2133482728161
age_linear,CS2_Type6,1,2,0,-1.8600464388566824,0.4476858796563171,0.1639298427330275,0.4476858796562847,-1.814997200064774,0.11335222876985078,-2.88148548153386
age_linear,CX2_Type1,1,3,0,-0.30923266711124164,0.1278471075198892,0.13173968950562176,0.12784710751989364,-0.15372814760290687,-0.03703931714544386,-58.35801010401518
age_linear,CX2_Type1,2,3,0,0.2121582829730959,0.41465494618733373,0.41112573509184164,0.41465494618733,0.4101927392132609,-0.03181525342882023,0.03347694458198097
age_linear,CX2_Type2,1,4,0,0.7555903023186556,0.9099147178250219,0.7983217994185539,0.9099147178250228,0.7803366545412698,0.05922734535972511,-87.46570101224611
age_linear,CX2_Type2,2,4,0,0.7570964916443661,0.9126163479804861,0.7997661669008596,0.9126163479804857,0.8019446538971184,0.05886372115251428,0.741240654659885
elasticnet,CS2_Type1,1,2,0,0.6405299505057724,0.8797708128266418,0.6363009638246482,0.9953982651910124,0.672711011254294,0.13165763635133582,-40.63583547609888
elasticnet,CS2_Type2,1,4,0,0.577394317822063,0.8320956165965402,0.614408002262953,0.9514379041672523,0.5953658357159003,-0.007748383957644123,-115.92010499414899
elasticnet,CS2_Type2,2,4,0,0.56709082935635,0.8317504149646167,0.6081626354647816,0.9147892226430422,0.58467267944996,-0.004094063181589269,-20.288344762919188
elasticnet,CS2_Type3,1,2,0,0.15271203309455972,0.639109260871109,0.3770352106667393,-1758.4833067136308,0.131373634228701,0.015273004392303035,-22.514747884567203
elasticnet,CS2_Type6,1,2,0,-1.845838360198704,0.5369115650339611,0.1594857827243196,0.9067453203841749,-1.7444286705633574,0.11408320921437051,-4.321770825772448
elasticnet,CX2_Type1,1,3,0,-0.1931996398348515,0.12468566005294149,0.09387740399905936,-2.269548942906394,-0.0548009337512045,-0.043674844794869536,-97.50521562526151
elasticnet,CX2_Type1,2,3,0,-0.3900937360650302,0.038816216385346526,0.06726149125459358,-796.8052907717249,-0.04324527330930732,-0.0364112146747221,-0.827047499911366
elasticnet,CX2_Type2,1,4,0,0.6511862983352807,0.9158266500074731,0.6601172372916296,0.9920281821470972,0.6820347349722384,0.06256807269516881,-182.60516139494075
elasticnet,CX2_Type2,2,4,0,0.6504672165528707,0.9176382828969623,0.6592214339082975,0.9934150554802059,0.7908121467166637,0.0562171443567713,0.5199659766555091
xgboost,CS2_Type1,1,2,0,0.7758261496558568,0.7523353375552088,0.7546488970396725,0.8877303712362117,0.7734718757325496,0.13413511071906165,0.7714026049653306
xgboost,CS2_Type2,1,4,0,0.7922657743558187,0.8083428649588648,0.8077142179425018,0.9160656064085456,0.8658183005058675,-0.01260387515852962,0.7754589379387602
xgboost,CS2_Type2,2,4,0,0.7948107509296609,0.8128641634151015,0.8119163851883767,0.947369448467968,0.9516852392760944,-0.0065413217805895705,0.7948782243527781
xgboost,CS2_Type3,1,2,0,-1.2326371421377054,-0.041083537721173256,-1.1061510557075116,0.7271109450905774,0.499181897844991,0.015273004392303035,-1.3112813493588091
xgboost,CS2_Type6,1,2,0,-3.0003809141650013,0.43770554903552983,0.2628991205567103,-0.09638735540199903,0.16277896395372804,0.11420503928845713,-3.0816259579283765
xgboost,CX2_Type1,1,3,0,0.546365029046169,0.7927575810212774,0.800714658554712,0.12491523060195035,0.6135745603154941,-0.0535579875071364,0.5354148423247018
xgboost,CX2_Type1,2,3,0,0.5979749345145889,0.8381977995441628,0.8430066064897517,0.8765391818581121,0.8575479599634951,-0.033738216771051245,0.5937114278998867
xgboost,CX2_Type2,1,4,0,0.7840713248342668,0.9613285301479939,0.9608006182989115,0.9882650244484278,0.9719139183137887,0.06066052623283478,0.7862390194792905
xgboost,CX2_Type2,2,4,0,0.7826794389272294,0.9638076304615868,0.9630931020987848,0.9907206415274719,0.9811631005517665,0.06606847676075453,0.7728823997663473
