cell_id,checkpoint,cycle,outcome,window,window_mode,reported,truth,error,reason
LFP_00,0.25,81,REFUSED,3.90-3.60 V,fixed,,0.979,,only 0 discharge(s) crossed the 3.90-3.60 V window; 5 are needed to form the reference and at least one more to measure against it. A window learned from this c
LFP_00,0.5,162,REFUSED,3.90-3.60 V,fixed,,0.9351,,only 0 discharge(s) crossed the 3.90-3.60 V window; 5 are needed to form the reference and at least one more to measure against it. A window learned from this c
LFP_00,0.75,243,REFUSED,3.90-3.60 V,fixed,,0.8769,,only 0 discharge(s) crossed the 3.90-3.60 V window; 5 are needed to form the reference and at least one more to measure against it. A window learned from this c
LFP_00,1.0,325,REFUSED,3.90-3.60 V,fixed,,0.771,,only 0 discharge(s) crossed the 3.90-3.60 V window; 5 are needed to form the reference and at least one more to measure against it. A window learned from this c
LFP_01,0.25,41,REFUSED,3.90-3.60 V,fixed,,0.9723,,only 0 discharge(s) crossed the 3.90-3.60 V window; 5 are needed to form the reference and at least one more to measure against it. A window learned from this c
LFP_01,0.5,84,REFUSED,3.90-3.60 V,fixed,,0.923,,only 0 discharge(s) crossed the 3.90-3.60 V window; 5 are needed to form the reference and at least one more to measure against it. A window learned from this c
LFP_01,0.75,127,REFUSED,3.90-3.60 V,fixed,,0.8578,,only 0 discharge(s) crossed the 3.90-3.60 V window; 5 are needed to form the reference and at least one more to measure against it. A window learned from this c
LFP_01,1.0,169,REFUSED,3.90-3.60 V,fixed,,0.771,,only 0 discharge(s) crossed the 3.90-3.60 V window; 5 are needed to form the reference and at least one more to measure against it. A window learned from this c
LFP_02,0.25,115,REFUSED,3.90-3.60 V,fixed,,0.9994,,only 0 discharge(s) crossed the 3.90-3.60 V window; 5 are needed to form the reference and at least one more to measure against it. A window learned from this c
LFP_02,0.5,231,REFUSED,3.90-3.60 V,fixed,,0.9803,,only 0 discharge(s) crossed the 3.90-3.60 V window; 5 are needed to form the reference and at least one more to measure against it. A window learned from this c
LFP_02,0.75,347,REFUSED,3.90-3.60 V,fixed,,0.939,,only 0 discharge(s) crossed the 3.90-3.60 V window; 5 are needed to form the reference and at least one more to measure against it. A window learned from this c
LFP_02,1.0,463,REFUSED,3.90-3.60 V,fixed,,0.7672,,only 0 discharge(s) crossed the 3.90-3.60 V window; 5 are needed to form the reference and at least one more to measure against it. A window learned from this c
LFP_03,0.25,89,REFUSED,3.90-3.60 V,fixed,,0.9845,,only 0 discharge(s) crossed the 3.90-3.60 V window; 5 are needed to form the reference and at least one more to measure against it. A window learned from this c
LFP_03,0.5,179,REFUSED,3.90-3.60 V,fixed,,0.942,,only 0 discharge(s) crossed the 3.90-3.60 V window; 5 are needed to form the reference and at least one more to measure against it. A window learned from this c
LFP_03,0.75,270,REFUSED,3.90-3.60 V,fixed,,0.8869,,only 0 discharge(s) crossed the 3.90-3.60 V window; 5 are needed to form the reference and at least one more to measure against it. A window learned from this c
LFP_03,1.0,360,REFUSED,3.90-3.60 V,fixed,,0.7732,,only 0 discharge(s) crossed the 3.90-3.60 V window; 5 are needed to form the reference and at least one more to measure against it. A window learned from this c
LFP_04,0.25,117,REFUSED,3.90-3.60 V,fixed,,0.9883,,only 0 discharge(s) crossed the 3.90-3.60 V window; 5 are needed to form the reference and at least one more to measure against it. A window learned from this c
LFP_04,0.5,235,REFUSED,3.90-3.60 V,fixed,,0.9601,,only 0 discharge(s) crossed the 3.90-3.60 V window; 5 are needed to form the reference and at least one more to measure against it. A window learned from this c
LFP_04,0.75,352,REFUSED,3.90-3.60 V,fixed,,0.9138,,only 0 discharge(s) crossed the 3.90-3.60 V window; 5 are needed to form the reference and at least one more to measure against it. A window learned from this c
LFP_04,1.0,470,REFUSED,3.90-3.60 V,fixed,,0.7687,,only 0 discharge(s) crossed the 3.90-3.60 V window; 5 are needed to form the reference and at least one more to measure against it. A window learned from this c
LFP_05,0.25,126,REFUSED,3.90-3.60 V,fixed,,0.9997,,only 0 discharge(s) crossed the 3.90-3.60 V window; 5 are needed to form the reference and at least one more to measure against it. A window learned from this c
LFP_05,0.5,253,REFUSED,3.90-3.60 V,fixed,,0.9832,,only 0 discharge(s) crossed the 3.90-3.60 V window; 5 are needed to form the reference and at least one more to measure against it. A window learned from this c
LFP_05,0.75,379,REFUSED,3.90-3.60 V,fixed,,0.9452,,only 0 discharge(s) crossed the 3.90-3.60 V window; 5 are needed to form the reference and at least one more to measure against it. A window learned from this c
LFP_05,1.0,506,REFUSED,3.90-3.60 V,fixed,,0.7718,,only 0 discharge(s) crossed the 3.90-3.60 V window; 5 are needed to form the reference and at least one more to measure against it. A window learned from this c
LFP_06,0.25,135,REFUSED,3.90-3.60 V,fixed,,0.9716,,only 0 discharge(s) crossed the 3.90-3.60 V window; 5 are needed to form the reference and at least one more to measure against it. A window learned from this c
LFP_06,0.5,271,REFUSED,3.90-3.60 V,fixed,,0.9303,,only 0 discharge(s) crossed the 3.90-3.60 V window; 5 are needed to form the reference and at least one more to measure against it. A window learned from this c
LFP_06,0.75,408,REFUSED,3.90-3.60 V,fixed,,0.8854,,only 0 discharge(s) crossed the 3.90-3.60 V window; 5 are needed to form the reference and at least one more to measure against it. A window learned from this c
LFP_06,1.0,544,REFUSED,3.90-3.60 V,fixed,,0.7714,,only 0 discharge(s) crossed the 3.90-3.60 V window; 5 are needed to form the reference and at least one more to measure against it. A window learned from this c
LFP_07,0.25,165,REFUSED,3.90-3.60 V,fixed,,0.9751,,only 0 discharge(s) crossed the 3.90-3.60 V window; 5 are needed to form the reference and at least one more to measure against it. A window learned from this c
LFP_07,0.5,330,REFUSED,3.90-3.60 V,fixed,,0.9427,,only 0 discharge(s) crossed the 3.90-3.60 V window; 5 are needed to form the reference and at least one more to measure against it. A window learned from this c
LFP_07,0.75,495,REFUSED,3.90-3.60 V,fixed,,0.9128,,only 0 discharge(s) crossed the 3.90-3.60 V window; 5 are needed to form the reference and at least one more to measure against it. A window learned from this c
LFP_07,1.0,661,REFUSED,3.90-3.60 V,fixed,,0.8627,,only 0 discharge(s) crossed the 3.90-3.60 V window; 5 are needed to form the reference and at least one more to measure against it. A window learned from this c
LFP_08,0.25,244,REFUSED,3.90-3.60 V,fixed,,0.9978,,only 0 discharge(s) crossed the 3.90-3.60 V window; 5 are needed to form the reference and at least one more to measure against it. A window learned from this c
LFP_08,0.5,489,REFUSED,3.90-3.60 V,fixed,,0.9746,,only 0 discharge(s) crossed the 3.90-3.60 V window; 5 are needed to form the reference and at least one more to measure against it. A window learned from this c
LFP_08,0.75,735,REFUSED,3.90-3.60 V,fixed,,0.9301,,only 0 discharge(s) crossed the 3.90-3.60 V window; 5 are needed to form the reference and at least one more to measure against it. A window learned from this c
LFP_08,1.0,980,REFUSED,3.90-3.60 V,fixed,,0.8566,,only 0 discharge(s) crossed the 3.90-3.60 V window; 5 are needed to form the reference and at least one more to measure against it. A window learned from this c
LFP_09,0.25,264,REFUSED,3.90-3.60 V,fixed,,0.9951,,only 0 discharge(s) crossed the 3.90-3.60 V window; 5 are needed to form the reference and at least one more to measure against it. A window learned from this c
LFP_09,0.5,529,REFUSED,3.90-3.60 V,fixed,,0.9747,,only 0 discharge(s) crossed the 3.90-3.60 V window; 5 are needed to form the reference and at least one more to measure against it. A window learned from this c
LFP_09,0.75,794,REFUSED,3.90-3.60 V,fixed,,0.9314,,only 0 discharge(s) crossed the 3.90-3.60 V window; 5 are needed to form the reference and at least one more to measure against it. A window learned from this c
LFP_09,1.0,1059,REFUSED,3.90-3.60 V,fixed,,0.8528,,only 0 discharge(s) crossed the 3.90-3.60 V window; 5 are needed to form the reference and at least one more to measure against it. A window learned from this c
LFP_10,0.25,148,REFUSED,3.90-3.60 V,fixed,,0.9896,,only 0 discharge(s) crossed the 3.90-3.60 V window; 5 are needed to form the reference and at least one more to measure against it. A window learned from this c
LFP_10,0.5,297,REFUSED,3.90-3.60 V,fixed,,0.9628,,only 0 discharge(s) crossed the 3.90-3.60 V window; 5 are needed to form the reference and at least one more to measure against it. A window learned from this c
LFP_10,0.75,446,REFUSED,3.90-3.60 V,fixed,,0.9125,,only 0 discharge(s) crossed the 3.90-3.60 V window; 5 are needed to form the reference and at least one more to measure against it. A window learned from this c
LFP_10,1.0,595,REFUSED,3.90-3.60 V,fixed,,0.773,,only 0 discharge(s) crossed the 3.90-3.60 V window; 5 are needed to form the reference and at least one more to measure against it. A window learned from this c
LFP_11,0.25,125,REFUSED,3.90-3.60 V,fixed,,0.9945,,only 0 discharge(s) crossed the 3.90-3.60 V window; 5 are needed to form the reference and at least one more to measure against it. A window learned from this c
LFP_11,0.5,251,REFUSED,3.90-3.60 V,fixed,,0.9682,,only 0 discharge(s) crossed the 3.90-3.60 V window; 5 are needed to form the reference and at least one more to measure against it. A window learned from this c
LFP_11,0.75,378,REFUSED,3.90-3.60 V,fixed,,0.9184,,only 0 discharge(s) crossed the 3.90-3.60 V window; 5 are needed to form the reference and at least one more to measure against it. A window learned from this c
LFP_11,1.0,504,REFUSED,3.90-3.60 V,fixed,,0.769,,only 0 discharge(s) crossed the 3.90-3.60 V window; 5 are needed to form the reference and at least one more to measure against it. A window learned from this c
LFP_12,0.25,122,REFUSED,3.90-3.60 V,fixed,,0.9831,,only 0 discharge(s) crossed the 3.90-3.60 V window; 5 are needed to form the reference and at least one more to measure against it. A window learned from this c
LFP_12,0.5,245,REFUSED,3.90-3.60 V,fixed,,0.9481,,only 0 discharge(s) crossed the 3.90-3.60 V window; 5 are needed to form the reference and at least one more to measure against it. A window learned from this c
LFP_12,0.75,367,REFUSED,3.90-3.60 V,fixed,,0.8992,,only 0 discharge(s) crossed the 3.90-3.60 V window; 5 are needed to form the reference and at least one more to measure against it. A window learned from this c
LFP_12,1.0,490,REFUSED,3.90-3.60 V,fixed,,0.7705,,only 0 discharge(s) crossed the 3.90-3.60 V window; 5 are needed to form the reference and at least one more to measure against it. A window learned from this c
LFP_13,0.25,129,REFUSED,3.90-3.60 V,fixed,,0.9851,,only 0 discharge(s) crossed the 3.90-3.60 V window; 5 are needed to form the reference and at least one more to measure against it. A window learned from this c
LFP_13,0.5,259,REFUSED,3.90-3.60 V,fixed,,0.9589,,only 0 discharge(s) crossed the 3.90-3.60 V window; 5 are needed to form the reference and at least one more to measure against it. A window learned from this c
LFP_13,0.75,389,REFUSED,3.90-3.60 V,fixed,,0.9109,,only 0 discharge(s) crossed the 3.90-3.60 V window; 5 are needed to form the reference and at least one more to measure against it. A window learned from this c
LFP_13,1.0,519,REFUSED,3.90-3.60 V,fixed,,0.7631,,only 0 discharge(s) crossed the 3.90-3.60 V window; 5 are needed to form the reference and at least one more to measure against it. A window learned from this c
LFP_14,0.25,126,REFUSED,3.90-3.60 V,fixed,,0.9993,,only 0 discharge(s) crossed the 3.90-3.60 V window; 5 are needed to form the reference and at least one more to measure against it. A window learned from this c
LFP_14,0.5,253,REFUSED,3.90-3.60 V,fixed,,0.9828,,only 0 discharge(s) crossed the 3.90-3.60 V window; 5 are needed to form the reference and at least one more to measure against it. A window learned from this c
LFP_14,0.75,381,REFUSED,3.90-3.60 V,fixed,,0.9439,,only 0 discharge(s) crossed the 3.90-3.60 V window; 5 are needed to form the reference and at least one more to measure against it. A window learned from this c
LFP_14,1.0,508,REFUSED,3.90-3.60 V,fixed,,0.7653,,only 0 discharge(s) crossed the 3.90-3.60 V window; 5 are needed to form the reference and at least one more to measure against it. A window learned from this c
LFP_15,0.25,51,CONFIDENT,3.20-2.90 V (learned),learned,0.945,0.9737,0.0287,window learned from this cell's usage (2 validation cells); reference may not be the cell as new
LFP_15,0.5,103,CONFIDENT,3.20-2.90 V (learned),learned,0.9029,0.9529,0.05,window learned from this cell's usage (2 validation cells); reference may not be the cell as new
LFP_15,0.75,155,CONFIDENT,3.20-2.90 V (learned),learned,0.8708,0.9306,0.0599,window learned from this cell's usage (2 validation cells); reference may not be the cell as new
LFP_15,1.0,207,CONFIDENT,3.20-2.90 V (learned),learned,0.8359,0.9065,0.0707,window learned from this cell's usage (2 validation cells); reference may not be the cell as new
LFP_16,0.25,119,CONFIDENT,3.20-2.90 V (learned),learned,0.9861,0.9922,0.0061,window learned from this cell's usage (2 validation cells); reference may not be the cell as new
LFP_16,0.5,240,CONFIDENT,3.20-2.90 V (learned),learned,0.9356,0.9606,0.025,window learned from this cell's usage (2 validation cells); reference may not be the cell as new
LFP_16,0.75,361,CONFIDENT,3.20-2.90 V (learned),learned,0.8801,0.9175,0.0374,window learned from this cell's usage (2 validation cells); reference may not be the cell as new
LFP_16,1.0,481,CONFIDENT,3.20-2.90 V (learned),learned,0.8095,0.8705,0.061,window learned from this cell's usage (2 validation cells); reference may not be the cell as new
LFP_17,0.25,130,REFUSED,3.90-3.60 V,fixed,,1.0012,,only 0 discharge(s) crossed the 3.90-3.60 V window; 5 are needed to form the reference and at least one more to measure against it. A window learned from this c
LFP_17,0.5,261,REFUSED,3.90-3.60 V,fixed,,0.9825,,only 0 discharge(s) crossed the 3.90-3.60 V window; 5 are needed to form the reference and at least one more to measure against it. A window learned from this c
LFP_17,0.75,393,REFUSED,3.90-3.60 V,fixed,,0.94,,only 0 discharge(s) crossed the 3.90-3.60 V window; 5 are needed to form the reference and at least one more to measure against it. A window learned from this c
LFP_17,1.0,524,REFUSED,3.90-3.60 V,fixed,,0.772,,only 0 discharge(s) crossed the 3.90-3.60 V window; 5 are needed to form the reference and at least one more to measure against it. A window learned from this c
LFP_18,0.25,130,REFUSED,3.90-3.60 V,fixed,,0.9893,,only 0 discharge(s) crossed the 3.90-3.60 V window; 5 are needed to form the reference and at least one more to measure against it. A window learned from this c
LFP_18,0.5,261,REFUSED,3.90-3.60 V,fixed,,0.9638,,only 0 discharge(s) crossed the 3.90-3.60 V window; 5 are needed to form the reference and at least one more to measure against it. A window learned from this c
LFP_18,0.75,391,REFUSED,3.90-3.60 V,fixed,,0.9213,,only 0 discharge(s) crossed the 3.90-3.60 V window; 5 are needed to form the reference and at least one more to measure against it. A window learned from this c
LFP_18,1.0,522,REFUSED,3.90-3.60 V,fixed,,0.7748,,only 0 discharge(s) crossed the 3.90-3.60 V window; 5 are needed to form the reference and at least one more to measure against it. A window learned from this c
LFP_19,0.25,121,REFUSED,3.90-3.60 V,fixed,,0.9806,,only 0 discharge(s) crossed the 3.90-3.60 V window; 5 are needed to form the reference and at least one more to measure against it. A window learned from this c
LFP_19,0.5,243,REFUSED,3.90-3.60 V,fixed,,0.9561,,only 0 discharge(s) crossed the 3.90-3.60 V window; 5 are needed to form the reference and at least one more to measure against it. A window learned from this c
LFP_19,0.75,366,REFUSED,3.90-3.60 V,fixed,,0.9231,,only 0 discharge(s) crossed the 3.90-3.60 V window; 5 are needed to form the reference and at least one more to measure against it. A window learned from this c
LFP_19,1.0,488,REFUSED,3.90-3.60 V,fixed,,0.7879,,only 0 discharge(s) crossed the 3.90-3.60 V window; 5 are needed to form the reference and at least one more to measure against it. A window learned from this c
LFP_20,0.25,132,REFUSED,3.90-3.60 V,fixed,,0.9985,,only 0 discharge(s) crossed the 3.90-3.60 V window; 5 are needed to form the reference and at least one more to measure against it. A window learned from this c
LFP_20,0.5,265,REFUSED,3.90-3.60 V,fixed,,0.9807,,only 0 discharge(s) crossed the 3.90-3.60 V window; 5 are needed to form the reference and at least one more to measure against it. A window learned from this c
LFP_20,0.75,397,REFUSED,3.90-3.60 V,fixed,,0.9306,,only 0 discharge(s) crossed the 3.90-3.60 V window; 5 are needed to form the reference and at least one more to measure against it. A window learned from this c
LFP_20,1.0,530,REFUSED,3.90-3.60 V,fixed,,0.7622,,only 0 discharge(s) crossed the 3.90-3.60 V window; 5 are needed to form the reference and at least one more to measure against it. A window learned from this c
LFP_21,0.25,129,REFUSED,3.90-3.60 V,fixed,,0.9947,,only 0 discharge(s) crossed the 3.90-3.60 V window; 5 are needed to form the reference and at least one more to measure against it. A window learned from this c
LFP_21,0.5,259,REFUSED,3.90-3.60 V,fixed,,0.9719,,only 0 discharge(s) crossed the 3.90-3.60 V window; 5 are needed to form the reference and at least one more to measure against it. A window learned from this c
LFP_21,0.75,389,REFUSED,3.90-3.60 V,fixed,,0.9251,,only 0 discharge(s) crossed the 3.90-3.60 V window; 5 are needed to form the reference and at least one more to measure against it. A window learned from this c
LFP_21,1.0,519,REFUSED,3.90-3.60 V,fixed,,0.7663,,only 0 discharge(s) crossed the 3.90-3.60 V window; 5 are needed to form the reference and at least one more to measure against it. A window learned from this c
LFP_22,0.25,134,REFUSED,3.90-3.60 V,fixed,,0.9982,,only 0 discharge(s) crossed the 3.90-3.60 V window; 5 are needed to form the reference and at least one more to measure against it. A window learned from this c
LFP_22,0.5,269,REFUSED,3.90-3.60 V,fixed,,0.9807,,only 0 discharge(s) crossed the 3.90-3.60 V window; 5 are needed to form the reference and at least one more to measure against it. A window learned from this c
LFP_22,0.75,404,REFUSED,3.90-3.60 V,fixed,,0.9393,,only 0 discharge(s) crossed the 3.90-3.60 V window; 5 are needed to form the reference and at least one more to measure against it. A window learned from this c
LFP_22,1.0,539,REFUSED,3.90-3.60 V,fixed,,0.7648,,only 0 discharge(s) crossed the 3.90-3.60 V window; 5 are needed to form the reference and at least one more to measure against it. A window learned from this c
LFP_23,0.25,139,REFUSED,3.90-3.60 V,fixed,,0.9913,,only 0 discharge(s) crossed the 3.90-3.60 V window; 5 are needed to form the reference and at least one more to measure against it. A window learned from this c
LFP_23,0.5,280,REFUSED,3.90-3.60 V,fixed,,0.9732,,only 0 discharge(s) crossed the 3.90-3.60 V window; 5 are needed to form the reference and at least one more to measure against it. A window learned from this c
LFP_23,0.75,421,REFUSED,3.90-3.60 V,fixed,,0.9294,,only 0 discharge(s) crossed the 3.90-3.60 V window; 5 are needed to form the reference and at least one more to measure against it. A window learned from this c
LFP_23,1.0,561,REFUSED,3.90-3.60 V,fixed,,0.7673,,only 0 discharge(s) crossed the 3.90-3.60 V window; 5 are needed to form the reference and at least one more to measure against it. A window learned from this c
LFP_24,0.25,130,REFUSED,3.90-3.60 V,fixed,,0.9998,,only 0 discharge(s) crossed the 3.90-3.60 V window; 5 are needed to form the reference and at least one more to measure against it. A window learned from this c
LFP_24,0.5,261,REFUSED,3.90-3.60 V,fixed,,0.9851,,only 0 discharge(s) crossed the 3.90-3.60 V window; 5 are needed to form the reference and at least one more to measure against it. A window learned from this c
LFP_24,0.75,392,REFUSED,3.90-3.60 V,fixed,,0.9474,,only 0 discharge(s) crossed the 3.90-3.60 V window; 5 are needed to form the reference and at least one more to measure against it. A window learned from this c
LFP_24,1.0,523,REFUSED,3.90-3.60 V,fixed,,0.7728,,only 0 discharge(s) crossed the 3.90-3.60 V window; 5 are needed to form the reference and at least one more to measure against it. A window learned from this c
LFP_25,0.25,121,REFUSED,3.90-3.60 V,fixed,,0.9964,,only 0 discharge(s) crossed the 3.90-3.60 V window; 5 are needed to form the reference and at least one more to measure against it. A window learned from this c
LFP_25,0.5,243,REFUSED,3.90-3.60 V,fixed,,0.9756,,only 0 discharge(s) crossed the 3.90-3.60 V window; 5 are needed to form the reference and at least one more to measure against it. A window learned from this c
LFP_25,0.75,364,REFUSED,3.90-3.60 V,fixed,,0.9362,,only 0 discharge(s) crossed the 3.90-3.60 V window; 5 are needed to form the reference and at least one more to measure against it. A window learned from this c
LFP_25,1.0,486,REFUSED,3.90-3.60 V,fixed,,0.7728,,only 0 discharge(s) crossed the 3.90-3.60 V window; 5 are needed to form the reference and at least one more to measure against it. A window learned from this c
LFP_26,0.25,123,REFUSED,3.90-3.60 V,fixed,,0.9959,,only 0 discharge(s) crossed the 3.90-3.60 V window; 5 are needed to form the reference and at least one more to measure against it. A window learned from this c
LFP_26,0.5,248,REFUSED,3.90-3.60 V,fixed,,0.9689,,only 0 discharge(s) crossed the 3.90-3.60 V window; 5 are needed to form the reference and at least one more to measure against it. A window learned from this c
LFP_26,0.75,373,REFUSED,3.90-3.60 V,fixed,,0.9266,,only 0 discharge(s) crossed the 3.90-3.60 V window; 5 are needed to form the reference and at least one more to measure against it. A window learned from this c
LFP_26,1.0,497,REFUSED,3.90-3.60 V,fixed,,0.7654,,only 0 discharge(s) crossed the 3.90-3.60 V window; 5 are needed to form the reference and at least one more to measure against it. A window learned from this c
LFP_27,0.25,123,REFUSED,3.90-3.60 V,fixed,,1.0001,,only 0 discharge(s) crossed the 3.90-3.60 V window; 5 are needed to form the reference and at least one more to measure against it. A window learned from this c
LFP_27,0.5,247,REFUSED,3.90-3.60 V,fixed,,0.9841,,only 0 discharge(s) crossed the 3.90-3.60 V window; 5 are needed to form the reference and at least one more to measure against it. A window learned from this c
LFP_27,0.75,370,REFUSED,3.90-3.60 V,fixed,,0.943,,only 0 discharge(s) crossed the 3.90-3.60 V window; 5 are needed to form the reference and at least one more to measure against it. A window learned from this c
LFP_27,1.0,494,REFUSED,3.90-3.60 V,fixed,,0.7738,,only 0 discharge(s) crossed the 3.90-3.60 V window; 5 are needed to form the reference and at least one more to measure against it. A window learned from this c
LFP_28,0.25,134,REFUSED,3.90-3.60 V,fixed,,0.999,,only 0 discharge(s) crossed the 3.90-3.60 V window; 5 are needed to form the reference and at least one more to measure against it. A window learned from this c
LFP_28,0.5,269,REFUSED,3.90-3.60 V,fixed,,0.9873,,only 0 discharge(s) crossed the 3.90-3.60 V window; 5 are needed to form the reference and at least one more to measure against it. A window learned from this c
LFP_28,0.75,405,REFUSED,3.90-3.60 V,fixed,,0.945,,only 0 discharge(s) crossed the 3.90-3.60 V window; 5 are needed to form the reference and at least one more to measure against it. A window learned from this c
LFP_28,1.0,540,REFUSED,3.90-3.60 V,fixed,,0.7703,,only 0 discharge(s) crossed the 3.90-3.60 V window; 5 are needed to form the reference and at least one more to measure against it. A window learned from this c
LFP_29,0.25,129,REFUSED,3.90-3.60 V,fixed,,1.0033,,only 0 discharge(s) crossed the 3.90-3.60 V window; 5 are needed to form the reference and at least one more to measure against it. A window learned from this c
LFP_29,0.5,260,REFUSED,3.90-3.60 V,fixed,,0.9937,,only 0 discharge(s) crossed the 3.90-3.60 V window; 5 are needed to form the reference and at least one more to measure against it. A window learned from this c
LFP_29,0.75,391,REFUSED,3.90-3.60 V,fixed,,0.9578,,only 0 discharge(s) crossed the 3.90-3.60 V window; 5 are needed to form the reference and at least one more to measure against it. A window learned from this c
LFP_29,1.0,521,REFUSED,3.90-3.60 V,fixed,,0.7699,,only 0 discharge(s) crossed the 3.90-3.60 V window; 5 are needed to form the reference and at least one more to measure against it. A window learned from this c
LFP_30,0.25,126,REFUSED,3.90-3.60 V,fixed,,1.0006,,only 0 discharge(s) crossed the 3.90-3.60 V window; 5 are needed to form the reference and at least one more to measure against it. A window learned from this c
LFP_30,0.5,253,REFUSED,3.90-3.60 V,fixed,,0.9846,,only 0 discharge(s) crossed the 3.90-3.60 V window; 5 are needed to form the reference and at least one more to measure against it. A window learned from this c
LFP_30,0.75,379,REFUSED,3.90-3.60 V,fixed,,0.9461,,only 0 discharge(s) crossed the 3.90-3.60 V window; 5 are needed to form the reference and at least one more to measure against it. A window learned from this c
LFP_30,1.0,506,REFUSED,3.90-3.60 V,fixed,,0.773,,only 0 discharge(s) crossed the 3.90-3.60 V window; 5 are needed to form the reference and at least one more to measure against it. A window learned from this c
LFP_31,0.25,129,REFUSED,3.90-3.60 V,fixed,,1.0019,,only 0 discharge(s) crossed the 3.90-3.60 V window; 5 are needed to form the reference and at least one more to measure against it. A window learned from this c
LFP_31,0.5,259,REFUSED,3.90-3.60 V,fixed,,0.9891,,only 0 discharge(s) crossed the 3.90-3.60 V window; 5 are needed to form the reference and at least one more to measure against it. A window learned from this c
LFP_31,0.75,388,REFUSED,3.90-3.60 V,fixed,,0.9481,,only 0 discharge(s) crossed the 3.90-3.60 V window; 5 are needed to form the reference and at least one more to measure against it. A window learned from this c
LFP_31,1.0,518,REFUSED,3.90-3.60 V,fixed,,0.7687,,only 0 discharge(s) crossed the 3.90-3.60 V window; 5 are needed to form the reference and at least one more to measure against it. A window learned from this c
LFP_32,0.25,135,REFUSED,3.90-3.60 V,fixed,,1.0038,,only 0 discharge(s) crossed the 3.90-3.60 V window; 5 are needed to form the reference and at least one more to measure against it. A window learned from this c
LFP_32,0.5,271,REFUSED,3.90-3.60 V,fixed,,0.9931,,only 0 discharge(s) crossed the 3.90-3.60 V window; 5 are needed to form the reference and at least one more to measure against it. A window learned from this c
LFP_32,0.75,407,REFUSED,3.90-3.60 V,fixed,,0.9563,,only 0 discharge(s) crossed the 3.90-3.60 V window; 5 are needed to form the reference and at least one more to measure against it. A window learned from this c
LFP_32,1.0,543,REFUSED,3.90-3.60 V,fixed,,0.7693,,only 0 discharge(s) crossed the 3.90-3.60 V window; 5 are needed to form the reference and at least one more to measure against it. A window learned from this c
LFP_33,0.25,135,REFUSED,3.90-3.60 V,fixed,,1.0032,,only 0 discharge(s) crossed the 3.90-3.60 V window; 5 are needed to form the reference and at least one more to measure against it. A window learned from this c
LFP_33,0.5,272,REFUSED,3.90-3.60 V,fixed,,0.9936,,only 0 discharge(s) crossed the 3.90-3.60 V window; 5 are needed to form the reference and at least one more to measure against it. A window learned from this c
LFP_33,0.75,409,REFUSED,3.90-3.60 V,fixed,,0.9567,,only 0 discharge(s) crossed the 3.90-3.60 V window; 5 are needed to form the reference and at least one more to measure against it. A window learned from this c
LFP_33,1.0,545,REFUSED,3.90-3.60 V,fixed,,0.7649,,only 0 discharge(s) crossed the 3.90-3.60 V window; 5 are needed to form the reference and at least one more to measure against it. A window learned from this c
LFP_34,0.25,131,REFUSED,3.90-3.60 V,fixed,,1.0035,,only 0 discharge(s) crossed the 3.90-3.60 V window; 5 are needed to form the reference and at least one more to measure against it. A window learned from this c
LFP_34,0.5,262,REFUSED,3.90-3.60 V,fixed,,0.9932,,only 0 discharge(s) crossed the 3.90-3.60 V window; 5 are needed to form the reference and at least one more to measure against it. A window learned from this c
LFP_34,0.75,393,REFUSED,3.90-3.60 V,fixed,,0.9602,,only 0 discharge(s) crossed the 3.90-3.60 V window; 5 are needed to form the reference and at least one more to measure against it. A window learned from this c
LFP_34,1.0,525,REFUSED,3.90-3.60 V,fixed,,0.7733,,only 0 discharge(s) crossed the 3.90-3.60 V window; 5 are needed to form the reference and at least one more to measure against it. A window learned from this c
LFP_35,0.25,121,REFUSED,3.90-3.60 V,fixed,,1.0009,,only 0 discharge(s) crossed the 3.90-3.60 V window; 5 are needed to form the reference and at least one more to measure against it. A window learned from this c
LFP_35,0.5,242,REFUSED,3.90-3.60 V,fixed,,0.9835,,only 0 discharge(s) crossed the 3.90-3.60 V window; 5 are needed to form the reference and at least one more to measure against it. A window learned from this c
LFP_35,0.75,363,REFUSED,3.90-3.60 V,fixed,,0.9491,,only 0 discharge(s) crossed the 3.90-3.60 V window; 5 are needed to form the reference and at least one more to measure against it. A window learned from this c
LFP_35,1.0,485,REFUSED,3.90-3.60 V,fixed,,0.7725,,only 0 discharge(s) crossed the 3.90-3.60 V window; 5 are needed to form the reference and at least one more to measure against it. A window learned from this c
LFP_36,0.25,139,REFUSED,3.90-3.60 V,fixed,,1.0034,,only 0 discharge(s) crossed the 3.90-3.60 V window; 5 are needed to form the reference and at least one more to measure against it. A window learned from this c
LFP_36,0.5,279,REFUSED,3.90-3.60 V,fixed,,0.9912,,only 0 discharge(s) crossed the 3.90-3.60 V window; 5 are needed to form the reference and at least one more to measure against it. A window learned from this c
LFP_36,0.75,419,REFUSED,3.90-3.60 V,fixed,,0.9518,,only 0 discharge(s) crossed the 3.90-3.60 V window; 5 are needed to form the reference and at least one more to measure against it. A window learned from this c
LFP_36,1.0,559,REFUSED,3.90-3.60 V,fixed,,0.7661,,only 0 discharge(s) crossed the 3.90-3.60 V window; 5 are needed to form the reference and at least one more to measure against it. A window learned from this c
LFP_37,0.25,125,REFUSED,3.90-3.60 V,fixed,,1.0041,,only 0 discharge(s) crossed the 3.90-3.60 V window; 5 are needed to form the reference and at least one more to measure against it. A window learned from this c
LFP_37,0.5,250,REFUSED,3.90-3.60 V,fixed,,0.9943,,only 0 discharge(s) crossed the 3.90-3.60 V window; 5 are needed to form the reference and at least one more to measure against it. A window learned from this c
LFP_37,0.75,375,REFUSED,3.90-3.60 V,fixed,,0.9594,,only 0 discharge(s) crossed the 3.90-3.60 V window; 5 are needed to form the reference and at least one more to measure against it. A window learned from this c
LFP_37,1.0,501,REFUSED,3.90-3.60 V,fixed,,0.7681,,only 0 discharge(s) crossed the 3.90-3.60 V window; 5 are needed to form the reference and at least one more to measure against it. A window learned from this c
LFP_38,0.25,121,REFUSED,3.90-3.60 V,fixed,,1.0029,,only 0 discharge(s) crossed the 3.90-3.60 V window; 5 are needed to form the reference and at least one more to measure against it. A window learned from this c
LFP_38,0.5,243,REFUSED,3.90-3.60 V,fixed,,0.9915,,only 0 discharge(s) crossed the 3.90-3.60 V window; 5 are needed to form the reference and at least one more to measure against it. A window learned from this c
LFP_38,0.75,364,REFUSED,3.90-3.60 V,fixed,,0.9578,,only 0 discharge(s) crossed the 3.90-3.60 V window; 5 are needed to form the reference and at least one more to measure against it. A window learned from this c
LFP_38,1.0,486,REFUSED,3.90-3.60 V,fixed,,0.771,,only 0 discharge(s) crossed the 3.90-3.60 V window; 5 are needed to form the reference and at least one more to measure against it. A window learned from this c
LFP_39,0.25,119,REFUSED,3.90-3.60 V,fixed,,1.0057,,only 0 discharge(s) crossed the 3.90-3.60 V window; 5 are needed to form the reference and at least one more to measure against it. A window learned from this c
LFP_39,0.5,239,REFUSED,3.90-3.60 V,fixed,,0.9957,,only 0 discharge(s) crossed the 3.90-3.60 V window; 5 are needed to form the reference and at least one more to measure against it. A window learned from this c
LFP_39,0.75,359,REFUSED,3.90-3.60 V,fixed,,0.96,,only 0 discharge(s) crossed the 3.90-3.60 V window; 5 are needed to form the reference and at least one more to measure against it. A window learned from this c
LFP_39,1.0,479,REFUSED,3.90-3.60 V,fixed,,0.7666,,only 0 discharge(s) crossed the 3.90-3.60 V window; 5 are needed to form the reference and at least one more to measure against it. A window learned from this c
LFP_40,0.25,131,REFUSED,3.90-3.60 V,fixed,,0.9977,,only 0 discharge(s) crossed the 3.90-3.60 V window; 5 are needed to form the reference and at least one more to measure against it. A window learned from this c
LFP_40,0.5,264,REFUSED,3.90-3.60 V,fixed,,0.9778,,only 0 discharge(s) crossed the 3.90-3.60 V window; 5 are needed to form the reference and at least one more to measure against it. A window learned from this c
LFP_40,0.75,397,REFUSED,3.90-3.60 V,fixed,,0.9294,,only 0 discharge(s) crossed the 3.90-3.60 V window; 5 are needed to form the reference and at least one more to measure against it. A window learned from this c
LFP_40,1.0,529,REFUSED,3.90-3.60 V,fixed,,0.7657,,only 0 discharge(s) crossed the 3.90-3.60 V window; 5 are needed to form the reference and at least one more to measure against it. A window learned from this c
LFP_41,0.25,112,REFUSED,3.90-3.60 V,fixed,,1.0031,,only 0 discharge(s) crossed the 3.90-3.60 V window; 5 are needed to form the reference and at least one more to measure against it. A window learned from this c
LFP_41,0.5,225,REFUSED,3.90-3.60 V,fixed,,0.9901,,only 0 discharge(s) crossed the 3.90-3.60 V window; 5 are needed to form the reference and at least one more to measure against it. A window learned from this c
LFP_41,0.75,338,REFUSED,3.90-3.60 V,fixed,,0.9512,,only 0 discharge(s) crossed the 3.90-3.60 V window; 5 are needed to form the reference and at least one more to measure against it. A window learned from this c
LFP_41,1.0,451,REFUSED,3.90-3.60 V,fixed,,0.7721,,only 0 discharge(s) crossed the 3.90-3.60 V window; 5 are needed to form the reference and at least one more to measure against it. A window learned from this c
LFP_42,0.25,122,REFUSED,3.90-3.60 V,fixed,,1.0015,,only 0 discharge(s) crossed the 3.90-3.60 V window; 5 are needed to form the reference and at least one more to measure against it. A window learned from this c
LFP_42,0.5,245,REFUSED,3.90-3.60 V,fixed,,0.9874,,only 0 discharge(s) crossed the 3.90-3.60 V window; 5 are needed to form the reference and at least one more to measure against it. A window learned from this c
LFP_42,0.75,368,REFUSED,3.90-3.60 V,fixed,,0.9452,,only 0 discharge(s) crossed the 3.90-3.60 V window; 5 are needed to form the reference and at least one more to measure against it. A window learned from this c
LFP_42,1.0,491,REFUSED,3.90-3.60 V,fixed,,0.765,,only 0 discharge(s) crossed the 3.90-3.60 V window; 5 are needed to form the reference and at least one more to measure against it. A window learned from this c
LFP_43,0.25,121,REFUSED,3.90-3.60 V,fixed,,1.0021,,only 0 discharge(s) crossed the 3.90-3.60 V window; 5 are needed to form the reference and at least one more to measure against it. A window learned from this c
LFP_43,0.5,243,REFUSED,3.90-3.60 V,fixed,,0.988,,only 0 discharge(s) crossed the 3.90-3.60 V window; 5 are needed to form the reference and at least one more to measure against it. A window learned from this c
LFP_43,0.75,364,REFUSED,3.90-3.60 V,fixed,,0.9462,,only 0 discharge(s) crossed the 3.90-3.60 V window; 5 are needed to form the reference and at least one more to measure against it. A window learned from this c
LFP_43,1.0,486,REFUSED,3.90-3.60 V,fixed,,0.7682,,only 0 discharge(s) crossed the 3.90-3.60 V window; 5 are needed to form the reference and at least one more to measure against it. A window learned from this c
LFP_44,0.25,119,REFUSED,3.90-3.60 V,fixed,,1.003,,only 0 discharge(s) crossed the 3.90-3.60 V window; 5 are needed to form the reference and at least one more to measure against it. A window learned from this c
LFP_44,0.5,239,REFUSED,3.90-3.60 V,fixed,,0.9927,,only 0 discharge(s) crossed the 3.90-3.60 V window; 5 are needed to form the reference and at least one more to measure against it. A window learned from this c
LFP_44,0.75,358,REFUSED,3.90-3.60 V,fixed,,0.9578,,only 0 discharge(s) crossed the 3.90-3.60 V window; 5 are needed to form the reference and at least one more to measure against it. A window learned from this c
LFP_44,1.0,478,REFUSED,3.90-3.60 V,fixed,,0.7701,,only 0 discharge(s) crossed the 3.90-3.60 V window; 5 are needed to form the reference and at least one more to measure against it. A window learned from this c
LFP_45,0.25,127,REFUSED,3.90-3.60 V,fixed,,0.9993,,only 0 discharge(s) crossed the 3.90-3.60 V window; 5 are needed to form the reference and at least one more to measure against it. A window learned from this c
LFP_45,0.5,256,REFUSED,3.90-3.60 V,fixed,,0.9824,,only 0 discharge(s) crossed the 3.90-3.60 V window; 5 are needed to form the reference and at least one more to measure against it. A window learned from this c
LFP_45,0.75,385,REFUSED,3.90-3.60 V,fixed,,0.9429,,only 0 discharge(s) crossed the 3.90-3.60 V window; 5 are needed to form the reference and at least one more to measure against it. A window learned from this c
LFP_45,1.0,513,REFUSED,3.90-3.60 V,fixed,,0.7698,,only 0 discharge(s) crossed the 3.90-3.60 V window; 5 are needed to form the reference and at least one more to measure against it. A window learned from this c
LFP_46,0.25,111,REFUSED,3.90-3.60 V,fixed,,1.0045,,only 0 discharge(s) crossed the 3.90-3.60 V window; 5 are needed to form the reference and at least one more to measure against it. A window learned from this c
LFP_46,0.5,223,REFUSED,3.90-3.60 V,fixed,,0.9958,,only 0 discharge(s) crossed the 3.90-3.60 V window; 5 are needed to form the reference and at least one more to measure against it. A window learned from this c
LFP_46,0.75,336,REFUSED,3.90-3.60 V,fixed,,0.963,,only 0 discharge(s) crossed the 3.90-3.60 V window; 5 are needed to form the reference and at least one more to measure against it. A window learned from this c
LFP_46,1.0,448,REFUSED,3.90-3.60 V,fixed,,0.7699,,only 0 discharge(s) crossed the 3.90-3.60 V window; 5 are needed to form the reference and at least one more to measure against it. A window learned from this c
LFP_47,0.25,185,REFUSED,3.90-3.60 V,fixed,,0.9952,,only 0 discharge(s) crossed the 3.90-3.60 V window; 5 are needed to form the reference and at least one more to measure against it. A window learned from this c
LFP_47,0.5,371,REFUSED,3.90-3.60 V,fixed,,0.9745,,only 0 discharge(s) crossed the 3.90-3.60 V window; 5 are needed to form the reference and at least one more to measure against it. A window learned from this c
LFP_47,0.75,558,REFUSED,3.90-3.60 V,fixed,,0.9382,,only 0 discharge(s) crossed the 3.90-3.60 V window; 5 are needed to form the reference and at least one more to measure against it. A window learned from this c
LFP_47,1.0,744,REFUSED,3.90-3.60 V,fixed,,0.7915,,only 0 discharge(s) crossed the 3.90-3.60 V window; 5 are needed to form the reference and at least one more to measure against it. A window learned from this c
